Employee Id,Task Id,Employee Name,Task Title,Task Status (Overdue/Done),Time Taken (hh:mm:ss)
101,T001,Tanmay Chaudhari,Fix login bug,Done,02:15:30
101,T002,Tanmay Chaudhari,Implement dark mode,Overdue,03:40:10
102,T003,Dixhansh Mamgain,Optimize API calls,Done,01:55:45
102,T004,Dixhansh Mamgain,UI revamp - Dashboard,Overdue,04:20:00
103,T005,Bhushan Gayakwad,Write unit tests,Done,02:35:50
103,T006,Bhushan Gayakwad,Integrate payment gateway,Overdue,05:10:25
104,T007,Abdul Karim,Data migration,Done,03:25:15
104,T008,Abdul Karim,Bug triage and cleanup,Done,01:50:00
105,T009,Vaibhav Korade,Implement push notifications,Overdue,04:00:45
105,T010,Vaibhav Korade,Fix crash on iOS,Done,02:10:30
106,T011,Neha Sirsat,Analytics dashboard,Overdue,03:45:20
106,T012,Neha Sirsat,Setup CI/CD pipeline,Done,02:30:15
